id,jurisdiction,norm,topic,impact,risk_level,url,status,notes
REG-25326,Argentina,Ley 25.326,Datos personales sensibles,Datos de salud requieren consentimiento y controles fuertes.,5,https://www.argentina.gob.ar/normativa/nacional/64790/actualizacion,vigente,No guardar historia clinica completa en MVP si no es necesario.
REG-26529,Argentina,Ley 26.529,Derechos del paciente e historia clinica,"Define consentimiento, confidencialidad e historia clinica.",5,https://www.argentina.gob.ar/normativa/nacional/160432/actualizacion,vigente,Separar orientacion administrativa de acto clinico.
REG-27553,Argentina,Ley 27.553,Receta electronica y teleasistencia,Marco para teleasistencia y recetas digitales/electronicas.,4,https://www.argentina.gob.ar/normativa/nacional/ley-27553-340919/texto,vigente,Evitar receta en MVP salvo integracion formal.
REG-1959-2024,Argentina,Resolucion 1959/2024,ReNaPDiS,Registro para plataformas digitales sanitarias.,4,https://www.argentina.gob.ar/normativa/nacional/400825/texto,vigente,Analizar si aplica al alcance MVP.
REG-1430-2010,Argentina,Resolucion 1430/2010,Plan de cuentas obras sociales,Permite mapear rubros economicos de cobertura.,3,https://www.argentina.gob.ar/normativa/nacional/resoluci%C3%B3n-1430-2010-176808/texto,vigente,Base para pedir datos por gasto/rubro.
REG-23660-23661,Argentina,Leyes 23.660 y 23.661,Obras sociales y Sistema Nacional del Seguro de Salud,"Marco de financiadores, prestadores y Fondo Solidario.",5,https://www.sssalud.gob.ar/index/normativas/consulta/000437.pdf,vigente,Confirmar Red de Prestadores con experto legal.
REG-5744-2024,Argentina,Resolucion 5744/2024,Repositorios de receta electronica,Exige interoperabilidad y APIs para que plataformas y farmacias accedan a repositorios segun cobertura del paciente.,4,https://www.argentina.gob.ar/normativa/nacional/406757/texto,vigente,"No asumir acceso privado a recetas; revisar alcance por cobertura, farmacia, repositorio y consentimiento."
REG-2214-2025,Argentina,Resolucion 2214/2025,Extension de receta electronica,"Extiende la receta electronica a indicaciones medicas, practicas, procedimientos y dispositivos.",4,https://www.argentina.gob.ar/normativa/nacional/415349/texto,vigente,"Impacta roadmap si la plataforma evoluciona hacia ordenes, estudios o red prestacional."
REG-DISP-1-2025,Argentina,Disposicion 1/2025 DNSISA,CUIR y visualizacion en Mi Argentina,"Define CUIR, datos minimos enviados al Ministerio y endpoint de repositorios para visualizacion de recetas en Mi Argentina.",5,https://www.argentina.gob.ar/normativa/nacional/disposici%C3%B3n-1-2025-415504/texto,vigente,"Cualquier integracion requiere consentimiento, minimizacion de datos, autenticacion fuerte y revision legal."
